0.000000000000000000e+00,0.000000000000000000e+00
1.000000000000000021e-02,4.997916927067833082e-01
2.000000000000000042e-02,9.983341664682815475e-01
2.999999999999999889e-02,1.494381324735992056e+00
4.000000000000000083e-02,1.986693307950612164e+00
5.000000000000000278e-02,2.474039592545229205e+00
5.999999999999999778e-02,2.955202066613395573e+00
7.000000000000000666e-02,3.428978074554513977e+00
8.000000000000000167e-02,3.894183423086505336e+00
8.999999999999999667e-02,4.349655341112301343e+00
1.000000000000000056e-01,4.794255386042030054e+00
1.100000000000000006e-01,5.226872289306592201e+00
1.199999999999999956e-01,5.646424733950353492e+00
1.300000000000000044e-01,6.051864057360395677e+00
1.400000000000000133e-01,6.442176872376911057e+00
1.499999999999999944e-01,6.816387600233341004e+00
1.600000000000000033e-01,7.173560908995227692e+00
1.700000000000000122e-01,7.512804051402927286e+00
1.799999999999999933e-01,7.833269096274833032e+00
1.900000000000000022e-01,8.134155047893736779e+00
2.000000000000000111e-01,8.414709848078965493e+00
2.099999999999999922e-01,8.674232255940170333e+00
2.200000000000000011e-01,8.912073600614354163e+00
2.300000000000000100e-01,9.127639402605211671e+00
2.399999999999999911e-01,9.320390859672261996e+00
2.500000000000000000e-01,9.489846193555862897e+00
2.600000000000000089e-01,9.635581854171929805e+00
2.700000000000000178e-01,9.757233578266591323e+00
2.800000000000000266e-01,9.854497299884602768e+00
2.899999999999999800e-01,9.927129910375885657e+00
2.999999999999999889e-01,9.974949866040544677e+00
3.099999999999999978e-01,9.997837641893569938e+00
3.200000000000000067e-01,9.995736030415050877e+00
3.300000000000000155e-01,9.968650284539188888e+00
3.400000000000000244e-01,9.916648104524686147e+00
3.500000000000000333e-01,9.839859468739367898e+00
3.599999999999999867e-01,9.738476308781953250e+00
3.699999999999999956e-01,9.612752029752998695e+00
3.800000000000000044e-01,9.463000876874144041e+00
3.900000000000000133e-01,9.289597150038691353e+00
4.000000000000000222e-01,9.092974268256817538e+00
4.100000000000000311e-01,8.873623686333752758e+00
4.199999999999999845e-01,8.632093666488737327e+00
4.299999999999999933e-01,8.368987907984976715e+00
4.400000000000000022e-01,8.084964038195900926e+00
4.500000000000000111e-01,7.780731968879211813e+00
4.600000000000000200e-01,7.457052121767199893e+00
4.700000000000000289e-01,7.114733527908443378e+00
4.799999999999999822e-01,6.754631805511509768e+00
4.899999999999999911e-01,6.377647021345036471e+00
5.000000000000000000e-01,5.984721441039565271e+00
5.100000000000000089e-01,5.576837173914169554e+00
5.200000000000000178e-01,5.155013718214641827e+00
5.300000000000000266e-01,4.720305412898822439e+00
5.400000000000000355e-01,4.273798802338298231e+00
5.500000000000000444e-01,3.816609920523316823e+00
5.600000000000000533e-01,3.349881501559046626e+00
5.700000000000000622e-01,2.874780123425439982e+00
5.799999999999999600e-01,2.392493292139824312e+00
5.899999999999999689e-01,1.904226473610274972e+00
5.999999999999999778e-01,1.411200080598672191e+00
6.099999999999999867e-01,9.146464223243719882e-01
6.199999999999999956e-01,4.158066243329049394e-01
6.300000000000000044e-01,-8.407247367148618089e-02
6.400000000000000133e-01,-5.837414342758008301e-01
6.500000000000000222e-01,-1.081951345301083833e+00
6.600000000000000311e-01,-1.577456941432486603e+00
6.700000000000000400e-01,-2.069019716733997871e+00
6.800000000000000488e-01,-2.555411020268316680e+00
6.900000000000000577e-01,-3.035415127084293285e+00
7.000000000000000666e-01,-3.507832276896202917e+00
7.099999999999999645e-01,-3.971481672859598078e+00
7.199999999999999734e-01,-4.425204432948520505e+00
7.299999999999999822e-01,-4.867866486556994055e+00
7.399999999999999911e-01,-5.298361409084933804e+00
7.500000000000000000e-01,-5.715613187423437047e+00
7.600000000000000089e-01,-6.118578909427188961e+00
7.700000000000000178e-01,-6.506251370651673582e+00
7.800000000000000266e-01,-6.877661591839741462e+00
7.900000000000000355e-01,-7.231881240865121185e+00
8.000000000000000444e-01,-7.568024953079282469e+00
8.100000000000000533e-01,-7.885252544261955876e+00
8.200000000000000622e-01,-8.182771110644107893e+00
8.300000000000000711e-01,-8.459837010754466036e+00
8.399999999999999689e-01,-8.715757724135881901e+00
8.499999999999999778e-01,-8.949893582285834981e+00
8.599999999999999867e-01,-9.161659367494548789e+00
8.699999999999999956e-01,-9.350525775584490162e+00
8.800000000000000044e-01,-9.516020738895159425e+00
8.900000000000000133e-01,-9.657730606206389012e+00
9.000000000000000222e-01,-9.775301176650970092e+00
9.100000000000000311e-01,-9.868438585032365040e+00
9.200000000000000400e-01,-9.936910036334644758e+00
9.300000000000000488e-01,-9.980544387588794919e+00
9.400000000000000577e-01,-9.999232575641007870e+00
9.500000000000000666e-01,-9.992927889753779880e+00
9.599999999999999645e-01,-9.961646088358406814e+00
9.699999999999999734e-01,-9.905465359667132930e+00
9.799999999999999822e-01,-9.824526126243323887e+00
9.899999999999999911e-01,-9.719030694018208294e+00
1.000000000000000000e+00,-9.589242746631384762e+00
1.010000000000000009e+00,-9.435486686359066510e+00
1.020000000000000018e+00,-9.258146823277325410e+00
1.030000000000000027e+00,-9.057666414687044920e+00
1.040000000000000036e+00,-8.834546557201530703e+00
1.050000000000000044e+00,-8.589344934265920273e+00
1.060000000000000053e+00,-8.322674422239007441e+00
1.070000000000000062e+00,-8.035201558521553267e+00
1.080000000000000071e+00,-7.727644875559871451e+00
1.090000000000000080e+00,-7.400773104888943799e+00
1.100000000000000089e+00,-7.055403255703919463e+00
1.110000000000000098e+00,-6.692398572762613185e+00
1.120000000000000107e+00,-6.312666378723208460e+00
1.130000000000000115e+00,-5.917155806310093524e+00
1.140000000000000124e+00,-5.506855425976368679e+00
1.150000000000000133e+00,-5.082790774992576033e+00
1.159999999999999920e+00,-4.646021794137573657e+00
1.169999999999999929e+00,-4.197640178398597044e+00
1.179999999999999938e+00,-3.738766648302368267e+00
1.189999999999999947e+00,-3.270548148697414614e+00
1.199999999999999956e+00,-2.794154981989258602e+00
1.209999999999999964e+00,-2.310777882993922283e+00
1.219999999999999973e+00,-1.821625042720958820e+00
1.229999999999999982e+00,-1.327919088525167268e+00
1.239999999999999991e+00,-8.308940281749639389e-01
1.250000000000000000e+00,-3.317921654755681682e-01
1.260000000000000009e+00,1.681390048434971418e-01
1.270000000000000018e+00,6.676499152155546124e-01
1.280000000000000027e+00,1.165492048504936484e+00
1.290000000000000036e+00,1.660421058649572235e+00
1.300000000000000044e+00,2.151199880878155390e+00
1.310000000000000053e+00,2.636601823727792393e+00
1.320000000000000062e+00,3.115413635133786663e+00
1.330000000000000071e+00,3.586438534928003463e+00
1.340000000000000080e+00,4.048499206165983466e+00
1.350000000000000089e+00,4.500440737806176372e+00
1.360000000000000098e+00,4.941133511386089694e+00
1.370000000000000107e+00,5.369476024480118070e+00
1.380000000000000115e+00,5.784397643882001283e+00
1.390000000000000124e+00,6.184861281630245955e+00
1.400000000000000133e+00,6.569865987187897716e+00
1.409999999999999920e+00,6.938449449297636740e+00
1.419999999999999929e+00,7.289690401258759778e+00
1.429999999999999938e+00,7.622710923614106626e+00
1.439999999999999947e+00,7.936678638491526883e+00
1.449999999999999956e+00,8.230808790115055729e+00
1.459999999999999964e+00,8.504366206285643770e+00
1.469999999999999973e+00,8.756667135928822177e+00
1.479999999999999982e+00,8.987080958116269613e+00
1.489999999999999991e+00,9.195031758289706758e+00
1.500000000000000000e+00,9.379999767747388972e+00
1.510000000000000009e+00,9.541522662795147269e+00
1.520000000000000018e+00,9.679196720314863001e+00
1.530000000000000027e+00,9.792677826862000501e+00
1.540000000000000036e+00,9.881682338770003682e+00
1.550000000000000044e+00,9.945987791111761567e+00
1.560000000000000053e+00,9.985433453746049182e+00
1.570000000000000062e+00,9.999920733059187938e+00
1.580000000000000071e+00,9.989413418397720790e+00
1.590000000000000080e+00,9.953937772576198384e+00
1.600000000000000089e+00,9.893582466233818096e+00
1.610000000000000098e+00,9.808498356203994462e+00
1.620000000000000107e+00,9.698898108450858757e+00
1.630000000000000115e+00,9.565055666515091204e+00
1.640000000000000124e+00,9.407305566797726115e+00
1.650000000000000133e+00,9.226042102393401834e+00
1.660000000000000142e+00,9.021718337562932177e+00
1.669999999999999929e+00,8.794844975308649282e+00
1.679999999999999938e+00,8.545989080882804956e+00
1.689999999999999947e+00,8.275772664419839941e+00
1.699999999999999956e+00,7.984871126234902583e+00
1.709999999999999964e+00,7.674011568674873551e+00
1.719999999999999973e+00,7.343970978741133138e+00
1.729999999999999982e+00,6.995574286026680078e+00
1.739999999999999991e+00,6.629692300821833584e+00
1.750000000000000000e+00,6.247239537541924292e+00
1.760000000000000009e+00,5.849171928917616725e+00
1.770000000000000018e+00,5.436484436660884434e+00
1.780000000000000027e+00,5.010208564578846335e+00
1.790000000000000036e+00,4.571409780351557650e+00
1.800000000000000044e+00,4.121184852417566269e+00
1.810000000000000053e+00,3.660659108624110480e+00
1.820000000000000062e+00,3.190983623493521382e+00
1.830000000000000071e+00,2.713332341136327486e+00
1.840000000000000080e+00,2.228899141002459228e+00
1.850000000000000089e+00,1.738894853804335616e+00
1.860000000000000098e+00,1.244544235070617066e+00
1.870000000000000107e+00,7.470829038953301637e-01
1.880000000000000115e+00,2.477542545335776336e-01
1.890000000000000124e+00,-2.521936514366049931e-01
1.900000000000000133e+00,-7.515112046180929539e-01
1.910000000000000142e+00,-1.248950371167523166e+00
1.919999999999999929e+00,-1.743267812229796432e+00
1.929999999999999938e+00,-2.233227991637838805e+00
1.939999999999999947e+00,-2.717606264109424519e+00
1.949999999999999956e+00,-3.195191936222736562e+00
1.959999999999999964e+00,-3.664791292519283594e+00
1.969999999999999973e+00,-4.125230579170927392e+00
1.979999999999999982e+00,-4.575358937753213340e+00
1.989999999999999991e+00,-5.014051281791973125e+00
2.000000000000000000e+00,-5.440211108893697300e+00
2.010000000000000231e+00,-5.852773241430363704e+00
2.020000000000000018e+00,-6.250706488928821081e+00
2.030000000000000249e+00,-6.633016225509993369e+00
2.040000000000000036e+00,-6.998746875935423439e+00
2.049999999999999822e+00,-7.346984304047953884e+00
2.060000000000000053e+00,-7.676858097635824940e+00
2.069999999999999840e+00,-7.987543744010004332e+00
2.080000000000000071e+00,-8.278264690856536490e+00
2.089999999999999858e+00,-8.548294287212828024e+00
2.100000000000000089e+00,-8.796957599716700216e+00
2.109999999999999876e+00,-9.023633099588227680e+00
2.120000000000000107e+00,-9.227754216128072784e+00
2.129999999999999893e+00,-9.408810752849072756e+00
2.140000000000000124e+00,-9.566350162701883875e+00
2.149999999999999911e+00,-9.699978679206784804e+00
2.160000000000000142e+00,-9.809362300664915324e+00
2.169999999999999929e+00,-9.894227624988511494e+00
2.180000000000000160e+00,-9.954362533063774165e+00
2.189999999999999947e+00,-9.989616718938167494e+00
2.200000000000000178e+00,-9.999902065507034976e+00
2.209999999999999964e+00,-9.985192864760453091e+00
2.220000000000000195e+00,-9.945525882039889964e+00
2.229999999999999982e+00,-9.881000264143981582e+00
2.240000000000000213e+00,-9.791777291513168890e+00
2.250000000000000000e+00,-9.678079975112614974e+00
2.260000000000000231e+00,-9.540192499020889727e+00
2.270000000000000018e+00,-9.378459510117826525e+00
2.280000000000000249e+00,-9.193285256646749559e+00
2.290000000000000036e+00,-8.985132577804487042e+00
2.300000000000000266e+00,-8.754521746884275757e+00
2.310000000000000053e+00,-8.502029170863663055e+00
2.319999999999999840e+00,-8.228285949687087708e+00
2.330000000000000071e+00,-7.933976298844770625e+00
2.339999999999999858e+00,-7.619835839190333360e+00
2.350000000000000089e+00,-7.286649758271700250e+00
2.359999999999999876e+00,-6.935250847771236238e+00
2.370000000000000107e+00,-6.566517421960139878e+00
2.379999999999999893e+00,-6.181371122370347138e+00
2.390000000000000124e+00,-5.780774614170436365e+00
2.399999999999999911e+00,-5.365729180004349175e+00
2.410000000000000142e+00,-4.937272217305974209e+00
2.419999999999999929e+00,-4.496474645346014931e+00
2.430000000000000160e+00,-4.044438228491401333e+00
2.439999999999999947e+00,-3.582292822368287055e+00
2.450000000000000178e+00,-3.111193549811273051e+00
2.459999999999999964e+00,-2.632317913658009267e+00
2.470000000000000195e+00,-2.146862853605269628e+00
2.479999999999999982e+00,-1.656041754483094097e+00
2.490000000000000213e+00,-1.161081413424566833e+00
2.500000000000000000e+00,-6.632189735120068708e-01
2.510000000000000231e+00,-1.636988315634136382e-01
2.520000000000000018e+00,3.362304722113669264e-01
2.530000000000000249e+00,8.353193749110994215e-01
2.540000000000000036e+00,1.332320414199422043e+00
2.550000000000000266e+00,1.825991346311357511e+00
2.560000000000000053e+00,2.315098251015389685e+00
2.569999999999999840e+00,2.798418615771744999e+00
2.580000000000000071e+00,3.274744391376930075e+00
2.589999999999999858e+00,3.742885011457567579e+00
2.600000000000000089e+00,4.201670368266409383e+00
2.609999999999999876e+00,4.649953737342197080e+00
2.620000000000000107e+00,5.086614643723752494e+00
2.629999999999999893e+00,5.510561662553650208e+00
2.640000000000000124e+00,5.920735147072244686e+00
2.649999999999999911e+00,6.316109877182386256e+00
2.660000000000000142e+00,6.695697621966023583e+00
2.669999999999999929e+00,7.058549609746643583e+00
2.680000000000000160e+00,7.403758899524486736e+00
2.689999999999999947e+00,7.730462647856603198e+00
2.700000000000000178e+00,8.037844265516209674e+00
2.709999999999999964e+00,8.325135458540396272e+00
2.720000000000000195e+00,8.591618148564968749e+00
2.729999999999999982e+00,8.836626267646352062e+00
2.740000000000000213e+00,9.059547423084627127e+00
2.750000000000000000e+00,9.259824428086272263e+00
2.760000000000000231e+00,9.436956694441047233e+00
2.770000000000000018e+00,9.590501483731756593e+00
2.780000000000000249e+00,9.720075013949763587e+00
2.790000000000000036e+00,9.825353418750095713e+00
2.800000000000000266e+00,9.906073556948705061e+00
2.810000000000000053e+00,9.962033670238316319e+00
2.819999999999999840e+00,9.993093887479176374e+00
2.830000000000000071e+00,9.999176574304030396e+00
2.839999999999999858e+00,9.980266527163617951e+00
2.850000000000000089e+00,9.936411011327626497e+00
2.859999999999999876e+00,9.867719642746136444e+00
2.870000000000000107e+00,9.774364114066822040e+00
2.879999999999999893e+00,9.656577765492780685e+00
2.890000000000000124e+00,9.514655001553473213e+00
2.899999999999999911e+00,9.348950555246830163e+00
2.910000000000000142e+00,9.159878601391392650e+00
2.919999999999999929e+00,8.947911721405041874e+00
2.930000000000000160e+00,8.713579722097511748e+00
2.939999999999999947e+00,8.457468311429343188e+00
2.950000000000000178e+00,8.180217634546941952e+00
2.959999999999999964e+00,7.882520673753163010e+00
2.970000000000000195e+00,7.565121516412408376e+00
2.979999999999999982e+00,7.228813495119760013e+00
2.990000000000000213e+00,6.874437204782592126e+00
3.000000000000000000e+00,6.502878401571168254e+00
3.010000000000000231e+00,6.115065788989407558e+00
3.020000000000000018e+00,5.711968696599885931e+00
3.030000000000000249e+00,5.294594657204627630e+00
3.040000000000000036e+00,4.863986888537996656e+00
3.050000000000000266e+00,4.421221685765377885e+00
3.060000000000000053e+00,3.967405731306120842e+00
3.070000000000000284e+00,3.503673328703544421e+00
3.080000000000000071e+00,3.031183567457022665e+00
3.089999999999999858e+00,2.551117425901743729e+00
3.100000000000000089e+00,2.064674819377966042e+00
3.109999999999999876e+00,1.573071601067620229e+00
3.120000000000000107e+00,1.077536522994422930e+00
3.129999999999999893e+00,5.793081647839658510e-01
3.140000000000000124e+00,7.963183785935566694e-02
3.149999999999999911e+00,-4.202435271884079615e-01
3.160000000000000142e+00,-9.190685022768163570e-01
3.169999999999999929e+00,-1.415596284751138523e+00
3.180000000000000160e+00,-1.908585813741893844e+00
3.189999999999999947e+00,-2.396804872170554379e+00
3.200000000000000178e+00,-2.879033166650653008e+00
3.209999999999999964e+00,-3.354065377585613295e+00
3.220000000000000195e+00,-3.820714171840091211e+00
3.229999999999999982e+00,-4.277813170454411562e+00
3.240000000000000213e+00,-4.724219863984692402e+00
3.250000000000000000e+00,-5.158818468181093131e+00
3.260000000000000231e+00,-5.580522712867793445e+00
3.270000000000000018e+00,-5.988278557052371553e+00
3.280000000000000249e+00,-6.381066823479502048e+00
3.290000000000000036e+00,-6.757905746043268103e+00
3.300000000000000266e+00,-7.117853423691230752e+00
3.310000000000000053e+00,-7.460010174686368067e+00
3.320000000000000284e+00,-7.783520785342984638e+00
3.330000000000000071e+00,-8.087576647615486891e+00
3.339999999999999858e+00,-8.371417780197468517e+00
3.350000000000000089e+00,-8.634334728079055665e+00
3.359999999999999876e+00,-8.875670335815046386e+00
3.370000000000000107e+00,-9.094821390071251344e+00
3.379999999999999893e+00,-9.291240127343684208e+00
3.390000000000000124e+00,-9.464435603082089088e+00
3.399999999999999911e+00,-9.613974918795568314e+00
3.410000000000000142e+00,-9.739484304073407372e+00
3.419999999999999929e+00,-9.840650050816433847e+00
3.430000000000000160e+00,-9.917219297343894624e+00
3.439999999999999947e+00,-9.969000660415961335e+00
3.450000000000000178e+00,-9.995864713592171213e+00
3.459999999999999964e+00,-9.997744310730110939e+00
3.470000000000000195e+00,-9.974634753815807997e+00
3.479999999999999982e+00,-9.926593804706332236e+00
3.490000000000000213e+00,-9.853741540755194706e+00
3.500000000000000000e+00,-9.756260054681575866e+00
3.510000000000000231e+00,-9.634392999433259774e+00
3.520000000000000018e+00,-9.488444979181240413e+00
3.530000000000000249e+00,-9.318780787967886781e+00
3.540000000000000036e+00,-9.125824497911844801e+00
3.550000000000000266e+00,-8.910058399248534045e+00
3.560000000000000053e+00,-8.672021794855812260e+00
3.570000000000000284e+00,-8.412309652277599525e+00
3.580000000000000071e+00,-8.131571116614885852e+00
3.589999999999999858e+00,-7.830507888000987293e+00
3.600000000000000089e+00,-7.509872467716760980e+00
3.609999999999999876e+00,-7.170466277329218485e+00
3.620000000000000107e+00,-6.813137655554999839e+00
3.629999999999999893e+00,-6.438779737855419683e+00
3.640000000000000124e+00,-6.048328224062840874e+00
3.649999999999999911e+00,-5.642759039618551853e+00
3.660000000000000142e+00,-5.223085896267315675e+00
3.669999999999999929e+00,-4.790357758305960445e+00
3.680000000000000160e+00,-4.345656220718935536e+00
3.689999999999999947e+00,-3.890092805754154615e+00
3.700000000000000178e+00,-3.424806184696125300e+00
3.709999999999999964e+00,-2.950959331780937944e+00
3.720000000000000195e+00,-2.469736617366208975e+00
3.729999999999999982e+00,-1.982340847622065194e+00
3.740000000000000213e+00,-1.489990258141953072e+00
3.750000000000000000e+00,-9.939154689884817095e-01
3.760000000000000231e+00,-4.953564087836742069e-01
3.770000000000000018e+00,4.440784466461913070e-03
3.780000000000000249e+00,5.042268780681476992e-01
3.790000000000000036e+00,1.002752667070909487e+00
3.800000000000000266e+00,1.498772096629523487e+00
3.810000000000000053e+00,1.991045376491982211e+00
3.820000000000000284e+00,2.478342079829598088e+00
3.830000000000000071e+00,2.959444218663210169e+00
3.839999999999999858e+00,3.433149288198953819e+00
3.850000000000000089e+00,3.898273272463785855e+00
3.859999999999999876e+00,4.353653603728932175e+00
3.870000000000000107e+00,4.798152068323721764e+00
3.879999999999999893e+00,5.230657651576963829e+00
3.890000000000000124e+00,5.650089314775139648e+00
3.899999999999999911e+00,6.055398697196010538e+00
3.910000000000000142e+00,6.445572736464568742e+00
3.919999999999999929e+00,6.819636200681356009e+00
3.930000000000000160e+00,7.176654125994314626e+00
3.939999999999999947e+00,7.515734153521482774e+00
3.950000000000000178e+00,7.836028759783553177e+00
3.959999999999999964e+00,8.136737375071053435e+00
3.970000000000000195e+00,8.417108384451783110e+00
3.979999999999999982e+00,8.676441006416673929e+00
3.990000000000000213e+00,8.914087044468683274e+00
4.000000000000000000e+00,9.129452507276276663e+00
4.009999999999999787e+00,9.321999093342638432e+00
4.020000000000000462e+00,9.491245536478945866e+00
4.030000000000000249e+00,9.636768808719164525e+00
4.040000000000000036e+00,9.758205177669754704e+00
4.049999999999999822e+00,9.855251115651196159e+00
4.060000000000000497e+00,9.927664058359075838e+00
4.070000000000000284e+00,9.975263011148543413e+00
4.080000000000000071e+00,9.997929001426692608e+00
4.089999999999999858e+00,9.995605376022044908e+00
4.099999999999999645e+00,9.968297942787993193e+00
4.110000000000000320e+00,9.916074956086180947e+00
4.120000000000000107e+00,9.839066946186161289e+00
4.129999999999999893e+00,9.737466393007693455e+00
4.139999999999999680e+00,9.611527245021164845e+00
4.150000000000000355e+00,9.461564284508707345e+00
4.160000000000000142e+00,9.287952340772404725e+00
4.169999999999999929e+00,9.091125353256240160e+00
4.179999999999999716e+00,8.871575286923510717e+00
4.190000000000000391e+00,8.629850902600534113e+00
4.200000000000000178e+00,8.366556385360560455e+00
4.209999999999999964e+00,8.082349834375502695e+00
4.219999999999999751e+00,7.777941618010951075e+00
4.230000000000000426e+00,7.454092598275017245e+00
4.240000000000000213e+00,7.111612229059799617e+00
4.250000000000000000e+00,6.751356532928010523e+00
4.259999999999999787e+00,6.374225961502415494e+00
4.270000000000000462e+00,5.981163144805718979e+00
4.280000000000000249e+00,5.573150535176583986e+00
4.290000000000000036e+00,5.151207951650230044e+00
4.299999999999999822e+00,4.716390030941961520e+00
4.310000000000000497e+00,4.269783591404751277e+00
4.320000000000000284e+00,3.812504916549401379e+00
4.330000000000000071e+00,3.345696964916857308e+00
4.339999999999999858e+00,2.870526513277284586e+00
4.350000000000000533e+00,2.388181240295792929e+00
4.360000000000000320e+00,1.899866757954377317e+00
4.370000000000000107e+00,1.406803598149521939e+00
4.379999999999999893e+00,9.102241619984786647e-01
4.389999999999999680e+00,4.113696394779841059e-01
4.400000000000000355e+00,-8.851309290403876207e-02
4.410000000000000142e+00,-5.881745886505291843e-01
4.419999999999999929e+00,-1.086365954240797516e+00
4.429999999999999716e+00,-1.581841970713880885e+00
4.440000000000000391e+00,-2.073364206067622284e+00
4.450000000000000178e+00,-2.559704110693330481e+00
4.459999999999999964e+00,-3.039646088110470323e+00
4.469999999999999751e+00,-3.511990533324381936e+00
4.480000000000000426e+00,-3.975556831214361431e+00
4.490000000000000213e+00,-4.429186307456244975e+00
4.500000000000000000e+00,-4.871745124605094901e+00
4.509999999999999787e+00,-5.302127116098248827e+00
4.520000000000000462e+00,-5.719256551095638130e+00
4.530000000000000249e+00,-6.122090823246492342e+00
4.540000000000000036e+00,-6.509623056662468876e+00
4.549999999999999822e+00,-6.880884622582969179e+00
4.560000000000000497e+00,-7.234947560442473780e+00
4.570000000000000284e+00,-7.570926897288675406e+00
4.580000000000000071e+00,-7.887982859754164799e+00
4.589999999999999858e+00,-8.185322973052350903e+00
4.600000000000000533e+00,-8.462204041751725470e+00
4.610000000000000320e+00,-8.717934007377351691e+00
4.620000000000000107e+00,-8.951873678196818673e+00
4.629999999999999893e+00,-9.163438326866465644e+00
4.639999999999999680e+00,-9.352099151945388655e+00
4.650000000000000355e+00,-9.517384599623534669e+00
4.660000000000000142e+00,-9.658881542360704842e+00
4.669999999999999929e+00,-9.776236311490237085e+00
4.679999999999999716e+00,-9.869155581206486616e+00
4.690000000000000391e+00,-9.937407101726600800e+00
4.700000000000000178e+00,-9.980820279793963579e+00
4.709999999999999964e+00,-9.999286605072562395e+00
4.719999999999999751e+00,-9.992759921366276998e+00
4.730000000000000426e+00,-9.961256541985338941e+00
4.740000000000000213e+00,-9.904855208971559577e+00
4.750000000000000000e+00,-9.823696896284232594e+00
4.759999999999999787e+00,-9.717984457438641144e+00
4.770000000000000462e+00,-9.587982118477905047e+00
4.780000000000000249e+00,-9.434014817545543607e+00
4.790000000000000036e+00,-9.256467392709268438e+00
4.799999999999999822e+00,-9.055783620066238271e+00
4.810000000000000497e+00,-8.832465104533964606e+00
4.820000000000000284e+00,-8.587070026099294040e+00
4.830000000000000071e+00,-8.320211744658998043e+00
4.839999999999999858e+00,-8.032557266939546636e+00
4.850000000000000533e+00,-7.724825579327681879e+00
4.860000000000000320e+00,-7.397785850778934247e+00
4.870000000000000107e+00,-7.052255510295609930e+00
4.879999999999999893e+00,-6.689098203780242891e+00
4.889999999999999680e+00,-6.309221635370400705e+00
4.900000000000000355e+00,-5.913575298651243983e+00
4.910000000000000142e+00,-5.503148103415938408e+00
4.919999999999999929e+00,-5.078965903906221158e+00
4.929999999999999716e+00,-4.642088934711080306e+00
4.940000000000000391e+00,-4.193609160732281183e+00
4.950000000000000178e+00,-3.734647547841147386e+00
4.959999999999999964e+00,-3.266351261047222287e+00
4.969999999999999751e+00,-2.789890797183565585e+00
4.980000000000000426e+00,-2.306457059273922194e+00
4.990000000000000213e+00,-1.817258379895744014e+00
5.000000000000000000e+00,-1.323517500977730244e+00
5.009999999999999787e+00,-8.264685175818626828e-01
5.020000000000000462e+00,-3.273537933084531559e-01
5.030000000000000249e+00,1.725791449656321752e-01
5.040000000000000036e+00,6.720807252547491562e-01
5.049999999999999822e+00,1.169902453743640436e+00
5.060000000000000497e+00,1.664800035371627462e+00
5.070000000000000284e+00,2.155536483922213087e+00
5.080000000000000071e+00,2.640885213844694324e+00
5.089999999999999858e+00,3.119633106079029883e+00
5.100000000000000533e+00,3.590583540221716330e+00
5.110000000000000320e+00,4.052559385453540663e+00
5.120000000000000107e+00,4.504405942753892944e+00
5.129999999999999893e+00,4.944993831046597066e+00
5.139999999999999680e+00,5.373221810064718440e+00
5.150000000000000355e+00,5.788019532877502371e+00
5.160000000000000142e+00,6.188350221200392909e+00
5.169999999999999929e+00,6.573213256800776172e+00
5.179999999999999716e+00,6.941646682522419454e+00
5.190000000000000391e+00,7.292729606677514909e+00
5.200000000000000178e+00,7.625584504796027119e+00
5.209999999999999964e+00,7.939379412980213324e+00
5.219999999999999751e+00,8.233330007380795124e+00
5.230000000000000426e+00,8.506701564598344589e+00
5.240000000000000213e+00,8.758810798108910944e+00
5.250000000000000000e+00,8.989027566124672575e+00
5.259999999999999787e+00,9.196776446620184231e+00
5.270000000000000462e+00,9.381538175587758488e+00
5.280000000000000249e+00,9.542850944926980716e+00
5.290000000000000036e+00,9.680311556724575439e+00
5.299999999999999822e+00,9.793576431039170416e+00
5.310000000000000497e+00,9.882362464672182156e+00
5.320000000000000284e+00,9.946447738778381620e+00
5.330000000000000071e+00,9.985672073547483762e+00
5.339999999999999858e+00,9.999937428570206066e+00
5.350000000000000533e+00,9.989208147888239964e+00
5.360000000000000320e+00,9.953511049115590481e+00
5.370000000000000107e+00,9.892935356408498748e+00
5.379999999999999893e+00,9.807632477451528885e+00
5.389999999999999680e+00,9.697815625017177865e+00
5.400000000000000355e+00,9.563759284045030284e+00
5.410000000000000142e+00,9.405798525572318880e+00
5.419999999999999929e+00,9.224328169230858521e+00
5.429999999999999716e+00,9.019801796403578820e+00
5.440000000000000391e+00,8.792730616507226316e+00
5.450000000000000178e+00,8.543682189235223490e+00
5.459999999999999964e+00,8.273279005953785514e+00
5.469999999999999751e+00,7.982196933797900407e+00
5.480000000000000426e+00,7.671163526355277540e+00
5.490000000000000213e+00,7.340956205161523584e+00
5.500000000000000000e+00,6.992400316550977379e+00
5.509999999999999787e+00,6.626367068720744768e+00
5.520000000000000462e+00,6.243771354163913934e+00
5.530000000000000249e+00,5.845569462914962600e+00
5.540000000000000036e+00,5.432756692322478820e+00
5.549999999999999822e+00,5.006364859324150984e+00
5.560000000000000497e+00,4.567459721441896825e+00
5.570000000000000284e+00,4.117138312943141365e+00
5.580000000000000071e+00,3.656526202826213545e+00
5.589999999999999858e+00,3.186774681484221716e+00
5.600000000000000533e+00,2.709057883078656026e+00
5.610000000000000320e+00,2.224569850815533822e+00
5.620000000000000107e+00,1.734521552458921034e+00
5.629999999999999893e+00,1.240137853542558233e+00
5.639999999999999680e+00,7.426544558436131149e-01
5.650000000000000355e+00,2.433148087720227171e-01
5.660000000000000142e+00,-2.566329986055949086e-01
5.669999999999999929e+00,-7.559393571385806254e-01
5.679999999999999716e+00,-1.253356260964291202e+00
5.690000000000000391e+00,-1.747640426872983932e+00
5.700000000000000178e+00,-2.237556401867964340e+00
5.709999999999999964e+00,-2.721879651155156843e+00
5.719999999999999751e+00,-3.199399618841947568e+00
5.730000000000000426e+00,-3.668922753696811867e+00
5.740000000000000213e+00,-4.129275492405433567e+00
5.750000000000000000e+00,-4.579307192868114385e+00
5.759999999999999787e+00,-5.017893010205710880e+00
5.770000000000000462e+00,-5.443936708286015502e+00
5.780000000000000249e+00,-5.856373399743004526e+00
5.790000000000000036e+00,-6.254172207640915637e+00
5.799999999999999822e+00,-6.636338842129675619e+00
5.810000000000000497e+00,-7.001918085651592349e+00
5.820000000000000284e+00,-7.349996180487776698e+00
5.830000000000000071e+00,-7.679703112676758536e+00
5.839999999999999858e+00,-7.990214786596137486e+00
5.850000000000000533e+00,-8.280755084772465580e+00
5.860000000000000320e+00,-8.550597807770701664e+00
5.870000000000000107e+00,-8.799068489314787911e+00
5.879999999999999893e+00,-9.025546082101854495e+00
5.889999999999999680e+00,-9.229464510097217911e+00
5.900000000000000355e+00,-9.410314083429534904e+00
5.910000000000000142e+00,-9.567642772350115621e+00
5.919999999999999929e+00,-9.701057337071853581e+00
5.929999999999999716e+00,-9.810224310663899772e+00
5.940000000000000391e+00,-9.894870832545356265e+00
5.950000000000000178e+00,-9.954785330494551943e+00
5.959999999999999964e+00,-9.989818049469494810e+00
5.969999999999999751e+00,-9.999881425917431343e+00
5.980000000000000426e+00,-9.984950306638145534e+00
5.990000000000000213e+00,-9.945062011653858391e+00
6.000000000000000000e+00,-9.880316240928618043e+00
6.009999999999999787e+00,-9.790874825170286400e+00
6.020000000000000462e+00,-9.676961321338051647e+00
6.030000000000000249e+00,-9.538860453866513822e+00
6.040000000000000036e+00,-9.376917403002810403e+00
6.049999999999999822e+00,-9.191536942035773095e+00
6.060000000000000497e+00,-8.983182425573531305e+00
6.070000000000000284e+00,-8.752374631398357252e+00
6.080000000000000071e+00,-8.499690458793281778e+00
6.089999999999999858e+00,-8.225761486594425520e+00
6.100000000000000533e+00,-7.931272394572830287e+00
6.110000000000000320e+00,-7.616959252091660915e+00
6.120000000000000107e+00,-7.283607678315934031e+00
6.129999999999999893e+00,-6.932050878573994268e+00
6.140000000000000568e+00,-6.563167561777877523e+00
6.150000000000000355e+00,-6.177879744108959237e+00
6.160000000000000142e+00,-5.777150444457317846e+00
6.169999999999999929e+00,-5.361981277376322019e+00
6.179999999999999716e+00,-4.933409949567782782e+00
6.190000000000000391e+00,-4.492507666155497681e+00
6.200000000000000178e+00,-4.040376453230650533e+00
6.209999999999999964e+00,-3.578146403360074501e+00
6.219999999999999751e+00,-3.106972850943756193e+00
6.230000000000000426e+00,-2.628033484480192250e+00
6.240000000000000213e+00,-2.142525402958842307e+00
6.250000000000000000e+00,-1.651662123735790022e+00
6.259999999999999787e+00,-1.156670549372404544e+00
6.270000000000000462e+00,-6.587879010178949724e-01
6.280000000000000249e+00,-6.587879010178949724e-01
6.290000000000000036e+00,-2.088408716901032358e-01
6.299999999999999822e+00,2.404853708490028996e-01
6.309999999999999609e+00,6.882810944911550433e-01
6.319999999999999396e+00,1.133639665905773919e+00
6.329999999999999183e+00,1.575659386162882702e+00
6.339999999999998970e+00,2.013445316365190862e+00
6.349999999999998757e+00,2.446111089593636656e+00
6.359999999999998543e+00,2.872780705497392617e+00
6.369999999999998330e+00,3.292590303895453374e+00
6.379999999999998117e+00,3.704689913798191903e+00
6.389999999999997904e+00,4.108245174308245318e+00
6.399999999999997691e+00,4.502439023916107175e+00
6.409999999999997478e+00,4.886473354770691557e+00
6.419999999999997264e+00,5.259570628574892659e+00
6.429999999999997051e+00,5.620975450835012488e+00
6.439999999999996838e+00,5.969956100276387012e+00
6.449999999999996625e+00,6.305806010329106037e+00
6.459999999999996412e+00,6.627845199683780386e+00
6.469999999999996199e+00,6.935421649021390245e+00
6.479999999999995985e+00,7.227912621129525483e+00
6.489999999999995772e+00,7.504725921732592120e+00
6.499999999999995559e+00,7.765301098482782827e+00
6.509999999999995346e+00,8.009110575684610822e+00
6.519999999999995133e+00,8.235660722455344640e+00
6.529999999999994920e+00,8.444492852159006802e+00
6.539999999999994706e+00,8.635184151089983828e+00
6.549999999999994493e+00,8.807348534526346029e+00
6.559999999999994280e+00,8.960637428419433448e+00
6.569999999999994067e+00,9.094740475137284008e+00
6.579999999999993854e+00,9.209386161832723516e+00
6.589999999999993641e+00,9.304342370164137677e+00
6.599999999999993427e+00,9.379416846255768547e+00
6.609999999999993214e+00,9.434457589946161349e+00
6.619999999999993001e+00,9.469353162536528146e+00
6.629999999999992788e+00,9.484032912416042294e+00
6.639999999999992575e+00,9.478467118107198885e+00
6.649999999999992362e+00,9.452667048441670161e+00
6.659999999999992149e+00,9.406684939744756946e+00
6.669999999999991935e+00,9.340613890074672909e+00
6.679999999999991722e+00,9.254587670730821003e+00
6.689999999999991509e+00,9.148780455412580892e+00
6.699999999999991296e+00,9.023406467577100187e+00
6.709999999999991083e+00,8.878719546709982424e+00
6.719999999999990870e+00,8.715012634387113266e+00
6.729999999999990656e+00,8.532617181167987397e+00
6.739999999999990443e+00,8.331902475521637541e+00
6.749999999999990230e+00,8.113274896143627402e+00
6.759999999999990017e+00,7.877177089178130309e+00
6.769999999999989804e+00,7.624087072010639510e+00
6.779999999999989591e+00,7.354517265446145480e+00
6.789999999999989377e+00,7.069013456232082326e+00
6.799999999999989164e+00,6.768153692026732671e+00
6.809999999999988951e+00,6.452547111050107809e+00
6.819999999999988738e+00,6.122832708787276701e+00
6.829999999999988525e+00,5.779678044240807999e+00
6.839999999999988312e+00,5.423777888351993148e+00
6.849999999999988098e+00,5.055852817326932147e+00
6.859999999999987885e+00,4.676647753716042466e+00
6.869999999999987672e+00,4.286930458200370886e+00
6.879999999999987459e+00,3.887489975138680443e+00
6.889999999999987246e+00,3.479135035022050459e+00
6.899999999999987033e+00,3.062692417071096074e+00
6.909999999999986819e+00,2.639005275290489116e+00
6.919999999999986606e+00,2.208931431370333875e+00
6.929999999999986393e+00,1.773341637890158973e+00
6.939999999999986180e+00,1.333117815342608869e+00
6.949999999999985967e+00,8.891512665457266262e-01
6.959999999999985754e+00,4.423408720594415033e-01
6.969999999999985540e+00,-6.408729740630114691e-03
6.979999999999985327e+00,-4.561889742466455067e-01
6.989999999999985114e+00,-9.060892101514844699e-01
6.999999999999984901e+00,-1.355198543206337813e+00
7.009999999999984688e+00,-1.802607680470526441e+00
7.019999999999984475e+00,-2.247410771318861578e+00
7.029999999999984261e+00,-2.688707241479707299e+00
7.039999999999984048e+00,-3.125603616390017159e+00
7.049999999999983835e+00,-3.557215330176239476e+00
7.059999999999983622e+00,-3.982668516597817288e+00
7.069999999999983409e+00,-4.401101778327797476e+00
7.079999999999983196e+00,-4.811667930987951536e+00
7.089999999999982983e+00,-5.213535718407857011e+00
7.099999999999982769e+00,-5.605891495634478083e+00
7.109999999999982556e+00,-5.987940876285238190e+00
7.119999999999982343e+00,-6.358910340908882297e+00
7.129999999999982130e+00,-6.718048803098271904e+00
7.139999999999981917e+00,-7.064629130183452510e+00
7.149999999999981704e+00,-7.397949615427189762e+00
7.159999999999981490e+00,-7.717335398740928554e+00
7.169999999999981277e+00,-8.022139833046304958e+00
7.179999999999981064e+00,-8.311745793514159431e+00
7.189999999999980851e+00,-8.585566927031608842e+00
7.199999999999980638e+00,-8.843048839366867142e+00
7.209999999999980425e+00,-9.083670217627869192e+00
7.219999999999980211e+00,-9.306943885742887446e+00
7.229999999999979998e+00,-9.512417790825709929e+00
7.239999999999979785e+00,-9.699675918428026122e+00
7.249999999999979572e+00,-9.868339134826795700e+00
7.259999999999979359e+00,-1.001806595464026906e+01
7.269999999999979146e+00,-1.014855323221931727e+01
7.279999999999978932e+00,-1.025953677541382092e+01
7.289999999999978719e+00,-1.035079188047138921e+01
7.299999999999978506e+00,-1.042213378698574466e+01
7.309999999999978293e+00,-1.047341805197344122e+01
7.319999999999978080e+00,-1.050454084232147345e+01
7.329999999999977867e+00,-1.051543914501391797e+01
7.339999999999977653e+00,-1.050609089471172375e+01
7.349999999999977440e+00,-1.047651501842749866e+01
7.359999999999977227e+00,-1.042677139720476021e+01
7.369999999999977014e+00,-1.035696074487930751e+01
7.379999999999976801e+00,-1.026722440416811644e+01
7.389999999999976588e+00,-1.015774406049857781e+01
7.399999999999976374e+00,-1.002874137415769695e+01
7.409999999999976161e+00,-9.880477531505610145e+00
7.419999999999975948e+00,-9.713252716162594780e+00
7.429999999999975735e+00,-9.527405501239750052e+00
7.439999999999975522e+00,-9.323312163844049039e+00
7.449999999999975309e+00,-9.101385923245928211e+00
7.459999999999975095e+00,-8.862076104251402242e+00
7.469999999999974882e+00,-8.605867227472726810e+00
7.479999999999974669e+00,-8.333278028339989874e+00
7.489999999999974456e+00,-8.044860406838798994e+00
7.499999999999974243e+00,-7.741198310101679247e+00
7.509999999999974030e+00,-7.422906550114542590e+00
7.519999999999973817e+00,-7.090629558932345589e+00
7.529999999999973603e+00,-6.745040083924664920e+00
7.539999999999973390e+00,-6.386837825692018633e+00
7.549999999999973177e+00,-6.016748021411046921e+00
7.559999999999972964e+00,-5.635519976477447734e+00
7.569999999999972751e+00,-5.243925547418111677e+00
7.579999999999972538e+00,-4.842757579145819058e+00
7.589999999999972324e+00,-4.432828299719020038e+00
7.599999999999972111e+00,-4.014967675857361584e+00
7.609999999999971898e+00,-3.590021732543054789e+00
7.619999999999971685e+00,-3.158850840109183267e+00
7.629999999999971472e+00,-2.722327972283558495e+00
7.639999999999971259e+00,-2.281336938715682106e+00
7.649999999999971045e+00,-1.836770595563658626e+00
7.659999999999970832e+00,-1.389529037766038311e+00
7.669999999999970619e+00,-9.405177766569221554e-01
7.679999999999970406e+00,-4.906459066147042525e-01
7.689999999999970193e+00,-4.082426445701414774e-02
7.699999999999969980e+00,4.080364146928220359e-01
7.709999999999969766e+00,8.550273413334250616e-01
7.719999999999969553e+00,1.299243511573076715e+00
7.729999999999969340e+00,1.739785539453931440e+00
7.739999999999969127e+00,2.175761477900769236e+00
7.749999999999968914e+00,2.606288624609264915e+00
7.759999999999968701e+00,3.030495309216737709e+00
7.769999999999968487e+00,3.447522658136382034e+00
7.779999999999968274e+00,3.856526333483018654e+00
7.789999999999968061e+00,4.256678242568988857e+00
7.799999999999967848e+00,4.647168214508448969e+00
7.809999999999967635e+00,5.027205640537084186e+00
7.819999999999967422e+00,5.396021074724271394e+00
7.829999999999967208e+00,5.752867791838367495e+00
7.839999999999966995e+00,6.097023299210314384e+00
7.849999999999966782e+00,6.427790799534077948e+00
7.859999999999966569e+00,6.744500601643279580e+00
7.869999999999966356e+00,7.046511476407123276e+00
7.879999999999966143e+00,7.333211954999927507e+00
7.889999999999965929e+00,7.604021566916949304e+00
7.899999999999965716e+00,7.858392015228486294e+00
7.909999999999965503e+00,8.095808286693957356e+00
7.919999999999965290e+00,8.315789694487833117e+00
7.929999999999965077e+00,8.517890851425990562e+00
7.939999999999964864e+00,8.701702571722695012e+00
7.949999999999964650e+00,8.866852699452076436e+00
7.959999999999964437e+00,9.013006862036515798e+00
7.969999999999964224e+00,9.139869147237073221e+00
7.979999999999964011e+00,9.247182702274487909e+00
7.989999999999963798e+00,9.334730253868375627e+00
7.999999999999963585e+00,9.402334548141405790e+00
8.009999999999962483e+00,9.449858709497753750e+00
8.019999999999964047e+00,9.477206517749486636e+00
8.029999999999962057e+00,9.484322602929509571e+00
8.039999999999963620e+00,9.471192557396872047e+00
8.049999999999961631e+00,9.437842965007313012e+00
8.059999999999963194e+00,9.384341347289975488e+00
8.069999999999961204e+00,9.310796026739506459e+00
8.079999999999962768e+00,9.217355907499866774e+00
8.089999999999960778e+00,9.104210173884466073e+00
8.099999999999962341e+00,8.971587907342403412e+00
8.109999999999960352e+00,8.819757622647083295e+00
8.119999999999961915e+00,8.649026724245116426e+00
8.129999999999959925e+00,8.459740883867882033e+00
8.139999999999961489e+00,8.252283340663906230e+00
8.149999999999959499e+00,8.027074125270898364e+00
8.159999999999961062e+00,7.784569209396894784e+00
8.169999999999959073e+00,7.525259582633860411e+00
8.179999999999960636e+00,7.249670258370756848e+00
8.189999999999958646e+00,6.958359210821800644e+00
8.199999999999960210e+00,6.651916245318271415e+00
8.209999999999958220e+00,6.330961804155364803e+00
8.219999999999959783e+00,5.996145710407386531e+00
8.229999999999957794e+00,5.648145852259220945e+00
8.239999999999959357e+00,5.287666810513407256e+00
8.249999999999957367e+00,4.915438432055460716e+00
8.259999999999958931e+00,4.532214352162750259e+00
8.269999999999956941e+00,4.138770468651347123e+00
8.279999999999958504e+00,3.735903370946914492e+00
8.289999999999956515e+00,3.324428727264668204e+00
8.299999999999958078e+00,2.905179633158764041e+00
8.309999999999956088e+00,2.479004924789292019e+00
8.319999999999957652e+00,2.046767460318435816e+00
8.329999999999955662e+00,1.609342372918418418e+00
8.339999999999957225e+00,1.167615298924543632e+00
8.349999999999955236e+00,7.224805847258324309e-01
8.359999999999956799e+00,2.748394760175050244e-01
8.369999999999954809e+00,-1.744017069119160324e-01
8.379999999999956373e+00,-6.243334041711972038e-01
8.389999999999954383e+00,-1.074044657812753378e+00
8.399999999999955946e+00,-1.522624956212568215e+00
8.409999999999953957e+00,-1.969166077544192595e+00
8.419999999999955520e+00,-2.412763928618315123e+00
8.429999999999953531e+00,-2.852520375361633498e+00
8.439999999999955094e+00,-3.287545061232788335e+00
8.449999999999953104e+00,-3.716957209888604119e+00
8.459999999999954667e+00,-4.139887408456536022e+00
8.469999999999952678e+00,-4.555479367797775403e+00
8.479999999999954241e+00,-4.962891656200828727e+00
8.489999999999952252e+00,-5.361299402992381502e+00
8.499999999999953815e+00,-5.749895968619767039e+00
8.509999999999951825e+00,-6.127894577818991273e+00
8.519999999999953388e+00,-6.494529912567275964e+00
8.529999999999951399e+00,-6.849059661589121717e+00
8.539999999999952962e+00,-7.190766023284381525e+00
8.549999999999950973e+00,-7.518957159029937110e+00
8.559999999999952536e+00,-7.832968593917558842e+00
8.569999999999950546e+00,-8.132164562087849546e+00
8.579999999999952109e+00,-8.415939293939377563e+00
8.589999999999950120e+00,-8.683718242604522075e+00
8.599999999999951683e+00,-8.934959247211402555e+00
8.609999999999949694e+00,-9.169153630573452674e+00
8.619999999999951257e+00,-9.385827229087693624e+00
8.629999999999949267e+00,-9.584541352753495502e+00
8.639999999999950830e+00,-9.764893673370284688e+00
8.649999999999948841e+00,-9.926519039114284126e+00
8.659999999999950404e+00,-1.006909021384670488e+01
8.669999999999948415e+00,-1.019231853965453638e+01
8.679999999999949978e+00,-1.029595452128471678e+01
8.689999999999947988e+00,-1.037978833128631884e+01
8.699999999999949551e+00,-1.044365023483981680e+01
8.709999999999947562e+00,-1.048741093341179997e+01
8.719999999999949125e+00,-1.051098182654052415e+01
8.729999999999947136e+00,-1.051431519122147051e+01
8.739999999999948699e+00,-1.049740427853015312e+01
8.749999999999946709e+00,-1.046028332728640464e+01
8.759999999999948272e+00,-1.040302749473238819e+01
8.769999999999946283e+00,-1.032575270436499615e+01
8.779999999999947846e+00,-1.022861541123022633e+01
8.789999999999945857e+00,-1.011181228515531672e+01
8.799999999999947420e+00,-9.975579812559383086e+00
8.809999999999945430e+00,-9.820193817649494505e+00
8.819999999999946994e+00,-9.645968903970477015e+00
8.829999999999945004e+00,-9.453257817440789523e+00
8.839999999999946567e+00,-9.242450732161929139e+00
8.849999999999944578e+00,-9.013974460449910353e+00
8.859999999999946141e+00,-8.768291588685379168e+00
8.869999999999944151e+00,-8.505899540735073927e+00
8.879999999999945715e+00,-8.227329570837738970e+00
8.889999999999943725e+00,-7.933145687996351114e+00
8.899999999999945288e+00,-7.623943514052155201e+00
8.909999999999943299e+00,-7.300349077754588301e+00
8.919999999999944862e+00,-6.963017547266024287e+00
8.929999999999942872e+00,-6.612631903671236877e+00
8.939999999999944436e+00,-6.249901558173079685e+00
8.949999999999942446e+00,-5.875560915777907844e+00
8.959999999999944009e+00,-5.490367888375808469e+00
8.969999999999942020e+00,-5.095102360228784377e+00
8.979999999999943583e+00,-4.690564608970430704e+00
8.989999999999941593e+00,-4.277573685318627028e+00
8.999999999999943157e+00,-3.856965754776158661e+00
9.009999999999941167e+00,-3.429592404682858309e+00
9.019999999999942730e+00,-2.996318920040631717e+00
9.029999999999940741e+00,-2.558022531608537875e+00
9.039999999999942304e+00,-2.115590639808961892e+00
9.049999999999940314e+00,-1.669919018045869397e+00
9.059999999999941878e+00,-1.221909999069048736e+00
9.069999999999939888e+00,-7.724706480595331382e-01
9.079999999999941451e+00,-3.225109261312045783e-01
9.089999999999939462e+00,1.270581520279723264e-01
9.099999999999941025e+00,5.753263626507523210e-01
9.109999999999939035e+00,1.021386115781796278e+00
9.119999999999940599e+00,1.464334292837916829e+00
9.129999999999938609e+00,1.903274075113707609e+00
9.139999999999940172e+00,2.337316759534305177e+00
9.149999999999938183e+00,2.765583557973859463e+00
9.159999999999939746e+00,3.187207376502852796e+00
9.169999999999937756e+00,3.601334570955404324e+00
9.179999999999939320e+00,4.007126675268614768e+00
9.189999999999937330e+00,4.403762099088338822e+00
9.199999999999938893e+00,4.790437791210144347e+00
9.209999999999936904e+00,5.166370865482778463e+00
9.219999999999938467e+00,5.530800185885723863e+00
9.229999999999936477e+00,5.882987907568804964e+00
9.239999999999938041e+00,6.222220970736972667e+00
9.249999999999936051e+00,6.547812544351513608e+00
9.259999999999937614e+00,6.859103416729253055e+00
9.269999999999935625e+00,7.155463330220274365e+00
9.279999999999937188e+00,7.436292257264798700e+00
9.289999999999935199e+00,7.701021615243374363e+00
9.299999999999936762e+00,7.949115417663228378e+00
9.309999999999934772e+00,8.180071359346804627e+00
9.319999999999936335e+00,8.393421833429062673e+00
9.329999999999934346e+00,8.588734878100718007e+00
9.339999999999935909e+00,8.765615051184122208e+00
9.349999999999933920e+00,8.923704230767828705e+00
9.359999999999935483e+00,9.062682340281648763e+00
9.369999999999933493e+00,9.182267996541996880e+00
9.379999999999935056e+00,9.282219079456895727e+00
9.389999999999933067e+00,9.362333222236225438e+00
9.399999999999934630e+00,9.422448221115592659e+00
9.409999999999932641e+00,9.462442363763244657e+00
9.419999999999934204e+00,9.482234675706173732e+00
9.429999999999932214e+00,9.481785084275635711e+00
9.439999999999933777e+00,9.461094499740648089e+00
9.449999999999931788e+00,9.420204813465032245e+00
9.459999999999933351e+00,9.359198813091630598e+00
9.469999999999931362e+00,9.278200014925767292e+00
9.479999999999932925e+00,9.177372413856710764e+00
9.489999999999930935e+00,9.056920151324368007e+00
9.499999999999932498e+00,8.917087102002232868e+00
9.509999999999930509e+00,8.758156380034940014e+00
9.519999999999932072e+00,8.580449765828459974e+00
9.529999999999930083e+00,8.384327054555033243e+00
9.539999999999931646e+00,8.170185327690607124e+00
9.549999999999929656e+00,7.938458149060951818e+00
9.559999999999931219e+00,7.689614687022396033e+00
9.569999999999929230e+00,7.424158764557023282e+00
9.579999999999930793e+00,7.142627839202559947e+00
9.589999999999928804e+00,6.845591914885035045e+00
9.599999999999930367e+00,6.533652387855155119e+00
9.609999999999928377e+00,6.207440829067015997e+00
9.619999999999929940e+00,5.867617705461769084e+00
9.629999999999927951e+00,5.514871042748944241e+00
9.639999999999929514e+00,5.149915032388189040e+00
9.649999999999927525e+00,4.773488585596933120e+00
9.659999999999929088e+00,4.386353837306282699e+00
9.669999999999927098e+00,3.989294603099554415e+00
9.679999999999928662e+00,3.583114792252403369e+00
9.689999999999926672e+00,3.168636780092037419e+00
9.699999999999928235e+00,2.746699742967533275e+00
9.709999999999926246e+00,2.318157959205337626e+00
9.719999999999927809e+00,1.883879079486285635e+00
9.729999999999925819e+00,1.444742370150929878e+00
9.739999999999927383e+00,1.001636932984349082e+00
9.749999999999925393e+00,5.554599050897299772e-01
9.759999999999926956e+00,1.071146424915817574e-01
9.769999999999924967e+00,-3.424911088506215062e-01
9.779999999999926530e+00,-7.924470509191825496e-01
9.789999999999924540e+00,-1.241842176678990883e+00
9.799999999999926104e+00,-1.689766614557183022e+00
9.809999999999924114e+00,-2.135313470620479492e+00
9.819999999999925677e+00,-2.577580664727213033e+00
9.829999999999923688e+00,-3.015672756929757448e+00
9.839999999999925251e+00,-3.448702760435789827e+00
9.849999999999923261e+00,-3.875793937452558069e+00
9.859999999999924825e+00,-4.296081574282013982e+00
9.869999999999922835e+00,-4.708714732069722686e+00
9.879999999999924398e+00,-5.112857969666521285e+00
9.889999999999922409e+00,-5.507693035109958224e+00
9.899999999999923972e+00,-5.892420522306136554e+00
9.909999999999921982e+00,-6.266261489553085262e+00
9.919999999999923546e+00,-6.628459036632148305e+00
9.929999999999921556e+00,-6.978279837271546882e+00
9.939999999999923119e+00,-7.315015623882575646e+00
9.949999999999921130e+00,-7.637984621558193687e+00
9.959999999999922693e+00,-7.946532928435527054e+00
9.969999999999920703e+00,-8.240035839622480651e+00
9.979999999999922267e+00,-8.517899112012857543e+00
9.989999999999920277e+00,-8.779560167424525829e+00
9.999999999999921840e+00,-9.024489231628859187e+00
1.000999999999991985e+01,-9.252190406961970481e+00
1.001999999999992141e+01,-9.462202676348420383e+00
1.002999999999991942e+01,-9.654100836702829369e+00
1.003999999999992099e+01,-9.827496359821431327e+00
1.004999999999991900e+01,-9.982038179018275059e+00
1.005999999999992056e+01,-1.011741339991583821e+01
1.006999999999991857e+01,-1.023334793394888464e+01
1.007999999999992013e+01,-1.032960705330038209e+01
1.008999999999991815e+01,-1.040599586614489525e+01
1.009999999999991971e+01,-1.046235971123821606e+01
1.010999999999991772e+01,-1.049858447105325787e+01
1.011999999999991928e+01,-1.051459680282927600e+01
1.012999999999991729e+01,-1.051036428706575165e+01
1.013999999999991886e+01,-1.048589549316086966e+01
1.014999999999991687e+01,-1.044123996206142202e+01
1.015999999999991843e+01,-1.037648810595926641e+01
1.016999999999991644e+01,-1.029177102523759935e+01
1.017999999999991800e+01,-1.018726024303737709e+01
1.018999999999991601e+01,-1.006316735798175621e+01
1.019999999999991758e+01,-9.919743615760857836e+00
1.020999999999991559e+01,-9.757279400445511897e+00
1.021999999999991715e+01,-9.576103646558337346e+00
1.022999999999991516e+01,-9.376583173094040546e+00
1.023999999999991672e+01,-9.159121940836005393e+00
1.024999999999991473e+01,-8.924160234474161513e+00
1.025999999999991630e+01,-8.672173771178270485e+00
1.026999999999991431e+01,-8.403672737434057183e+00
1.027999999999991587e+01,-8.119200756088954307e+00
1.028999999999991388e+01,-7.819333785702606399e+00
1.029999999999991545e+01,-7.504678954426514892e+00
1.030999999999991346e+01,-7.175873330778056669e+00
1.031999999999991502e+01,-6.833582633793505501e+00
1.032999999999991303e+01,-6.478499885175110329e+00
1.033999999999991459e+01,-6.111344006158410558e+00
1.034999999999991260e+01,-5.732858361943125480e+00
1.035999999999991417e+01,-5.343809256631521620e+00
1.036999999999991218e+01,-4.944984381725760159e+00
1.037999999999991374e+01,-4.537191221320599155e+00
1.038999999999991175e+01,-4.121255417224824136e+00
1.039999999999991331e+01,-3.698019097318061554e+00
1.040999999999991132e+01,-3.268339170530434323e+00
1.041999999999991289e+01,-2.833085591893502730e+00
1.042999999999991090e+01,-2.393139601180149789e+00
1.043999999999991246e+01,-1.949391938693506132e+00
1.044999999999991047e+01,-1.502741041823866031e+00
1.045999999999991203e+01,-1.054091226018283978e+00
1.046999999999991005e+01,-6.043508538524133833e-01
1.047999999999991161e+01,-1.544304959053330317e-01
1.048999999999990962e+01,2.947589128338171660e-01
1.049999999999991118e+01,7.423079172986353225e-01
1.050999999999990919e+01,1.187310383680291626e+00
1.051999999999991076e+01,1.628865334040206614e+00
1.052999999999990877e+01,2.066078770480973326e+00
1.053999999999991033e+01,2.498065485187951573e+00
1.054999999999990834e+01,2.923950852671720391e+00
1.055999999999990990e+01,3.342872600586518139e+00
1.056999999999990791e+01,3.753982555536239829e+00
1.057999999999990948e+01,4.156448360337001269e+00
1.058999999999990749e+01,4.549455159254528702e+00
1.059999999999990905e+01,4.932207247810112882e+00
1.060999999999990706e+01,5.303929683808803475e+00
1.061999999999990862e+01,5.663869856334007302e+00
1.062999999999990663e+01,6.011299009526077874e+00
1.063999999999990820e+01,6.345513718065011410e+00
1.064999999999990621e+01,6.665837311365634399e+00
1.065999999999990777e+01,6.971621243604850804e+00
1.066999999999990578e+01,7.262246406804689691e+00
1.067999999999990735e+01,7.537124384315309733e+00
1.068999999999990536e+01,7.795698642156650315e+00
1.069999999999990692e+01,8.037445655810419254e+00
1.070999999999990493e+01,8.261875970177799289e+00
1.071999999999990649e+01,8.468535190559169479e+00
1.072999999999990450e+01,8.657004902647663869e+00
1.073999999999990607e+01,8.826903519675768806e+00
1.074999999999990408e+01,8.977887054997463423e+00
1.075999999999990564e+01,9.109649818544291122e+00
1.076999999999990365e+01,9.221925035742708943e+00
1.077999999999990521e+01,9.314485387641953551e+00
1.078999999999990322e+01,9.387143471156827346e+00
1.079999999999990479e+01,9.439752178495202983e+00
1.080999999999990280e+01,9.472204995000872430e+00
1.081999999999990436e+01,9.484436214809409904e+00
1.082999999999990237e+01,9.476421073880052504e+00
1.083999999999990393e+01,9.448175800134434255e+00
1.084999999999990195e+01,9.399757580600624607e+00
1.085999999999990351e+01,9.331264445628859150e+00
1.086999999999990152e+01,9.242835070413670806e+00
1.087999999999990308e+01,9.134648494223888804e+00
1.088999999999990109e+01,9.006923757909500949e+00
1.089999999999990266e+01,8.859919460418430148e+00
1.090999999999990067e+01,8.693933235222500500e+00
1.091999999999990223e+01,8.509301147710800706e+00
1.092999999999990024e+01,8.306397014772731069e+00
1.093999999999990180e+01,8.085631647945829670e+00
1.094999999999989981e+01,7.847452021663518629e+00
1.095999999999990138e+01,7.592340368283960750e+00
1.096999999999989939e+01,7.320813201734778453e+00
1.097999999999990095e+01,7.033420271748441976e+00
1.098999999999989896e+01,6.730743450807477046e+00
1.099999999999990052e+01,6.413395556050641488e+00
1.100999999999989853e+01,6.082019108528657902e+00
1.101999999999990010e+01,5.737285032317703148e+00
1.102999999999989811e+01,5.379891296128065825e+00
1.103999999999989967e+01,5.010561500155459314e+00
1.104999999999989768e+01,4.630043411038626822e+00
1.105999999999989925e+01,4.239107447886280688e+00
1.106999999999989726e+01,3.838545122443041357e+00
1.107999999999989882e+01,3.429167436547134962e+00
1.108999999999989683e+01,3.011803240130298320e+00
1.109999999999989839e+01,2.587297553078337309e+00
1.110999999999989640e+01,2.156509854356102096e+00
1.111999999999989797e+01,1.720312341855006588e+00
1.112999999999989598e+01,1.279588166491193890e+00
1.113999999999989754e+01,8.352296441260180782e-01
1.114999999999989555e+01,3.881364489322303157e-01
1.115999999999989711e+01,-6.078620814014124019e-02
1.116999999999989512e+01,-5.106294121051055956e-01
1.117999999999989669e+01,-9.604823841843282972e-01
1.118999999999989470e+01,-1.409434325822026324e+00
1.119999999999989626e+01,-1.856576262741536754e+00
1.120999999999989427e+01,-2.301002885306715484e+00
1.121999999999989583e+01,-2.741814381465948358e+00
1.122999999999989384e+01,-3.178118258562482090e+00
1.123999999999989541e+01,-3.609031150328759985e+00
1.124999999999989342e+01,-4.033680605399625030e+00
1.125999999999989498e+01,-4.451206853729845037e+00
1.126999999999989299e+01,-4.860764547333139340e+00
1.127999999999989456e+01,-5.261524471824253091e+00
1.128999999999989257e+01,-5.652675225293900318e+00
1.129999999999989413e+01,-6.033424861121016392e+00
1.130999999999989214e+01,-6.403002491393256612e+00
1.131999999999989370e+01,-6.760659847692756408e+00
1.132999999999989171e+01,-7.105672796082694198e+00
1.133999999999989328e+01,-7.437342803232183996e+00
1.134999999999989129e+01,-7.754998350706856947e+00
1.135999999999989285e+01,-8.057996294564748752e+00
1.136999999999989086e+01,-8.345723167502404394e+00
1.137999999999989242e+01,-8.617596420917427835e+00
1.138999999999989043e+01,-8.873065604369314130e+00
1.139999999999989200e+01,-9.111613480054533198e+00
1.140999999999989001e+01,-9.332757070035375691e+00
1.141999999999989157e+01,-9.536048634106149890e+00
1.142999999999988958e+01,-9.721076576313299356e+00
1.143999999999989114e+01,-9.887466278297194933e+00
1.144999999999988916e+01,-1.003488085776590921e+01
1.145999999999989072e+01,-1.016302185056701113e+01
1.146999999999988873e+01,-1.027162981497520278e+01
1.147999999999989029e+01,-1.036048485697353705e+01
1.148999999999988830e+01,-1.042940707546327417e+01
1.149999999999988987e+01,-1.047825692650243568e+01
1.150999999999988788e+01,-1.050693550583443603e+01
1.151999999999988944e+01,-1.051538474913548171e+01
1.152999999999988745e+01,-1.050358754957495755e+01
1.153999999999988901e+01,-1.047156779245090696e+01
1.154999999999988702e+01,-1.041939030683052891e+01
1.155999999999988859e+01,-1.034716073429333072e+01
1.156999999999988660e+01,-1.025502531504323578e+01
1.157999999999988816e+01,-1.014317059182186220e+01
1.158999999999988617e+01,-1.001182303222354086e+01
1.159999999999988773e+01,-9.861248570175510153e+00
1.160999999999988574e+01,-9.691752067512814151e+00
1.161999999999988731e+01,-9.503676696737041851e+00
1.162999999999988532e+01,-9.297403246209620775e+00
1.163999999999988688e+01,-9.073349349184930190e+00
1.164999999999988489e+01,-8.831968638246362246e+00
1.165999999999988646e+01,-8.573749826854715650e+00
1.166999999999988447e+01,-8.299215719870883134e+00
1.167999999999988603e+01,-8.008922155054252201e+00
1.168999999999988404e+01,-7.703456877681755799e+00
1.169999999999988560e+01,-7.383438350563610975e+00
1.170999999999988361e+01,-7.049514501868588745e+00
1.171999999999988518e+01,-6.702361413289641412e+00
1.172999999999988319e+01,-6.342681951210757951e+00
1.173999999999988475e+01,-5.971204343641386636e+00
1.174999999999988276e+01,-5.588680705804849325e+00
1.175999999999988432e+01,-5.195885517360912864e+00
1.176999999999988233e+01,-4.793614054349876419e+00
1.177999999999988390e+01,-4.382680779029723972e+00
1.178999999999988191e+01,-3.963917690869176447e+00
1.179999999999988347e+01,-3.538172642031822690e+00
1.180999999999988148e+01,-3.106307620766648014e+00
1.181999999999988304e+01,-2.669197006175094700e+00
1.182999999999988106e+01,-2.227725797893039150e+00
1.183999999999988262e+01,-1.782787824268236010e+00
1.184999999999988063e+01,-1.335283932664240947e+00
1.185999999999988219e+01,-8.861201655509800545e-01
1.186999999999988020e+01,-4.362059260799616145e-01
1.187999999999988177e+01,1.354786314806566416e-02
1.188999999999987978e+01,4.622306043884184534e-01
1.189999999999988134e+01,9.089338684034660165e-01
1.190999999999987935e+01,1.352753233719803383e+00
1.191999999999988091e+01,1.792790117774036629e+00
1.192999999999987892e+01,2.228153596234522915e+00
1.193999999999988049e+01,2.657962206819405537e+00
1.194999999999987850e+01,3.081345733955660471e+00
1.195999999999988006e+01,3.497446970669561672e+00
1.196999999999987807e+01,3.905423454136430550e+00
1.197999999999987963e+01,4.304449171381246053e+00
1.198999999999987764e+01,4.693716231671827721e+00
1.199999999999987921e+01,5.072436502222141819e+00
1.200999999999987722e+01,5.439843203891111756e+00
1.201999999999987878e+01,5.795192463649488701e+00
1.202999999999987679e+01,6.137764820667236165e+00
1.203999999999987836e+01,6.466866682977213010e+00
1.204999999999987637e+01,6.781831731760616044e+00
1.205999999999987793e+01,7.082022270416154619e+00
1.206999999999987594e+01,7.366830515676623392e+00
1.207999999999987750e+01,7.635679828163255856e+00
1.208999999999987551e+01,7.888025879882833102e+00
1.209999999999987708e+01,8.123357756306294419e+00
1.210999999999987509e+01,8.341198990795589907e+00
1.211999999999987665e+01,8.541108529286489670e+00
1.212999999999987466e+01,8.722681623271618889e+00
1.213999999999987622e+01,8.885550649278487256e+00
1.214999999999987423e+01,9.029385853181025823e+00
1.215999999999987580e+01,9.153896017839262100e+00
1.216999999999987381e+01,9.258829052714256491e+00
1.217999999999987537e+01,9.343972504265652290e+00
1.218999999999987338e+01,9.409153986097125610e+00
1.219999999999987494e+01,9.454241527980261850e+00
1.220999999999987295e+01,9.479143843048921880e+00
1.221999999999987452e+01,9.483810512624131661e+00
1.222999999999987253e+01,9.468232088294572080e+00
1.223999999999987409e+01,9.432440111046426878e+00
1.224999999999987210e+01,9.376507047403670470e+00
1.225999999999987367e+01,9.300546142708062902e+00
1.226999999999987168e+01,9.204711191836164375e+00
1.227999999999987324e+01,9.089196227817010865e+00
1.228999999999987125e+01,8.954235128981860470e+00
1.229999999999987281e+01,8.800101145440171635e+00
1.230999999999987082e+01,8.627106345841747626e+00
1.231999999999987239e+01,8.435600985544112973e+00
1.232999999999987040e+01,8.225972797465468389e+00
1.233999999999987196e+01,7.998646207057430679e+00
1.234999999999986997e+01,7.754081472989274637e+00
1.235999999999987153e+01,7.492773755280542680e+00
1.236999999999986954e+01,7.215252112772122750e+00
1.237999999999987111e+01,6.922078431961883105e+00
1.238999999999986912e+01,6.613846289377510956e+00
1.239999999999987068e+01,6.291179749786005360e+00
1.240999999999986869e+01,5.954732102676374872e+00
1.241999999999987025e+01,5.605184539571146374e+00
1.242999999999986827e+01,5.243244774846991696e+00
1.243999999999986983e+01,4.869645612853878980e+00
1.244999999999986784e+01,4.485143464237915545e+00
1.245999999999986940e+01,4.090516814467142659e+00
1.246999999999986741e+01,3.686564647665249161e+00
1.247999999999986898e+01,3.274104828941102774e+00
1.248999999999986699e+01,2.853972448492205771e+00
1.249999999999986855e+01,2.427018130831148923e+00
1.250999999999986656e+01,1.994106312563151961e+00
1.251999999999986812e+01,1.556113492195697612e+00
1.252999999999986613e+01,1.113926455530187765e+00
1.253999999999986770e+01,6.684404802220484942e-01
1.254999999999986571e+01,2.205575231509949719e-01
